candidate,frequency_hz,impedance_magnitude_pa_s_m3,horizontal_6db_half_angle_deg,vertical_6db_half_angle_deg,gmres_iterations,solve_seconds,relative_residual
1,500.0,298389.4996656815,90.0,90.0,25,9.030930625,3.8652050665936206e-11
1,518.6125477035284,311091.1294964894,90.0,90.0,25,9.099853417,3.7216311566012705e-11
1,537.9179492710892,324824.20676916355,90.0,90.0,25,9.062702417,3.565981441872754e-11
1,557.941996253874,339671.7510054151,90.0,90.0,25,9.219825458,3.6307947011491696e-11
1,578.7114402960283,355712.10323012446,76.62030902363423,76.62288823521956,25,8.871469958,3.6759066856925815e-11
1,600.2540288742039,373015.56621211313,70.69731636021707,70.69895655240438,25,8.862900542,3.877436399141096e-11
1,622.5985423675165,391634.86319200165,66.32506158138384,66.32629789632259,25,8.77750175,4.168441416061028e-11
1,645.7748325074419,411586.46541453805,62.74122520878125,62.742188142821746,25,9.28154075,4.8200293350151395e-11
1,669.8138622590077,432819.1905593802,59.658891379083606,59.659669403875725,25,9.179814542,6.842982075077783e-11
1,694.7477471865686,455167.17964511155,56.92793734967307,56.92856747174732,25,9.256603667,9.480845729822657e-11
1,720.6097983594266,478289.4426872544,54.463065814314746,54.46357880631525,25,9.215924166,1.2811801384297956e-10
1,747.4345668546164,501612.8736277475,52.20163116878673,52.202040997420475,25,8.853756375,1.84634819137988e-10
1,775.2578899163126,524324.4435336787,50.10393261793733,50.10424964635953,24,8.68545975,7.124762626171451e-10
1,804.116938833521,545491.7808612147,48.13975680230265,48.13998847258118,26,9.488382417,1.0489649957610229e-10
1,834.0502686000294,564383.9742030412,46.28626754950501,46.28641886929856,27,9.649957125,5.2787180465623185e-11
1,865.097869422947,580945.4825437639,44.52674359546353,44.52681747456715,27,9.89859825,7.441933624079501e-11
1,897.301220148658,596167.1247086318,42.85008918243993,42.850086655637014,28,10.307907917,4.095405845331342e-11
1,930.7033436775605,612031.9798039704,41.252098558453646,41.25201866619945,28,10.194943791,4.748611619571716e-11
1,965.3488644416246,630994.1176295427,39.73452574745081,39.7343664500114,28,10.184176125,6.700097050167082e-11
1,1001.2840680215583,655315.766613925,38.31124157256856,38.310998513327846,28,10.178278292,1.005914913779328e-10
1,1038.5569629832269,686578.7417603763,37.011694138121825,37.0113623974409,28,10.791757166,1.5998956859071226e-10
1,1077.217345015942,725299.4563020399,35.89857326635271,35.898156842376196,28,11.085945625,3.0890588623232576e-10
1,1117.3168634582971,770186.099647316,35.08246311309475,35.08195664654381,29,11.554768334,1.1161624951182775e-10
1,1158.909090300446,816569.5963572673,34.77069681378843,34.77015278029322,30,11.578167416,5.863332015397868e-11
1,1202.0495917549858,854919.5870303314,35.33867625175708,35.338197836244944,31,11.9813115,4.733242181613195e-11
1,1246.796002492079,874211.5629865804,37.484293940230685,37.48443529471644,31,11.934523958,6.857493722074404e-11
1,1293.208102637984,873514.8793064877,41.91811966094877,41.920862460332884,31,12.030357333,1.0067697724107234e-10
1,1341.3478976398621,867267.8721074915,45.1927203138511,45.197197084994336,30,11.454849,4.1716960057358854e-10
1,1391.2797011035627,871785.012586985,44.75729426014311,44.76103428350763,31,11.921226167,1.6713068831034395e-10
1,1443.0702207150446,893181.526964085,42.61569309598512,42.61859377428022,32,12.180753542,7.588438675310658e-11
1,1496.788647360245,928598.1992026531,40.05072843822149,40.053057630700515,31,11.368627875,1.874513667204781e-10
1,1552.5067475624298,970654.7794316879,37.655104547201034,37.65713160528323,31,11.319975375,2.2624275237849616e-10
1,1610.2989593605412,1009225.3373759404,35.758307680032416,35.760258441462256,33,11.582725209,6.387208832072044e-11
1,1670.242491756622,1032385.1438880818,34.723745160789036,34.7258639094902,33,11.956033416,1.255257013277529e-10
1,1732.4174278651828,1030871.7481523515,35.232500494881215,35.23508449491808,33,11.999491333,1.0931701419827961e-10
1,1796.9068319023127,1008215.589527141,37.87770800433028,37.880566161531085,34,12.336557333,6.331922497222642e-11
1,1863.7968601574687,986193.7078984431,40.97702743143955,40.979354208942965,36,12.911993083,9.549063483111364e-11
1,1933.1768760962038,989406.2559136086,42.8518124784161,42.85370744592342,37,13.610024375,1.3384435878798354e-10
1,2005.1395697476034,1019709.9107109682,43.105964470401574,43.10752985792364,38,13.876717625,1.2987064551903895e-10
1,2079.7810815359235,1050455.594160742,41.73168328204706,41.73276717087543,38,13.917272833,2.926515671277964e-10
1,2157.2011307218904,1051649.4441194818,39.33344239854138,39.333701368726445,40,14.467827292,6.971616249683933e-11
1,2237.5031486252237,1024561.7282741669,36.99653738412992,36.99588513536556,41,14.734846542,7.578913760609612e-11
1,2320.794416806388,995384.1409721356,35.91206211738846,35.91107913412362,42,15.580702125,4.945261458991974e-11
1,2407.186210392174,983034.1489154891,36.5574934957223,36.557434136724446,40,14.677324917,9.912197541360756e-11
1,2496.7939467365745,993474.0038973861,38.23620797339845,38.23774043698695,41,14.720843167,1.262157090959036e-10
1,2589.737339615606,1005065.6600308232,40.334480481367855,40.33673751584338,44,16.129557542,1.2758397951577218e-10
1,2686.140559162015,989016.4652623096,40.28314590377096,40.28691152459787,46,16.564345583,3.873771051874101e-11
1,2786.1323977535862,954578.1015066016,38.28243025605622,38.28324293923609,46,16.747683583,9.325194179173893e-11
1,2889.8464420766563,937708.1411773077,37.213347034768624,37.20232188408053,46,17.023077542,1.227020235317856e-10
1,2997.421251594704,942122.9293895018,39.626105260031906,39.59680704287384,50,18.052065917,1.0525474756696188e-10
1,3109.000543660457,942996.4268320737,41.832654511834136,41.82166314161901,48,17.648701959,2.5914254915073106e-10
1,3224.73338551881,920403.260722863,40.95236697050446,40.95066683921684,53,19.12789175,2.4844777705234296e-11
1,3344.7743934570694,894586.8799806242,39.043555174217026,39.04761230649414,53,19.531062625,7.540209399945242e-11
1,3469.28393936859,891318.0600779308,37.33475825903278,37.34202293096538,54,19.75141325,1.38877001283713e-10
1,3598.42836500576,896231.4727329165,36.9347922708755,36.936700598663045,59,21.370164334,3.8205262671260183e-11
1,3732.38020420856,881176.589677181,37.04739565915162,37.03928468649962,61,22.25011225,3.2643489439213125e-11
1,3871.318413405634,860064.9054136481,36.020807271341106,36.00743530687718,60,22.107919125,4.362002058172577e-11
1,4015.4286106957557,861010.398114031,34.37735236647215,34.36854471649103,60,21.893452625,1.2660703246638465e-10
1,4164.903323829131,865900.5205236755,33.82542091434056,33.827942471340165,64,23.88066975,2.5636643780694783e-11
1,4319.9422474198445,850461.6058202004,34.327657957476255,34.34265159705609,65,24.088212875,1.067296923147713e-10
1,4480.752509733024,842388.218101201,33.51573830623791,33.541814640186985,70,27.379142333,3.5500353792392314e-11
1,4647.548949403246,847722.7523779303,32.72100359814411,32.7393615899065,76,29.102906875,2.4384205394254586e-11
1,4820.554402453749,839686.8230450043,35.213323179319715,35.23079264874209,71,26.661164708,5.728348183687813e-11
1,5000.0,834565.701467537,34.60077806997852,34.66172923961288,76,28.363535875,2.932163293518667e-11
2,500.0,325098.3381178492,90.0,90.0,30,21.206531042,5.642815834275794e-11
2,518.6125477035284,338718.2794848386,90.0,90.0,30,21.345982625,5.4898683418007045e-11
2,537.9179492710892,353454.2655606903,90.0,90.0,29,21.01681275,1.1076177668921074e-10
2,557.941996253874,369424.3540897361,90.0,90.0,29,20.883182042,1.0271611380910866e-10
2,578.7114402960283,386731.10276634054,90.0,90.0,29,21.003778292,9.366630732507706e-11
2,600.2540288742039,405456.7990318252,77.4422281263517,77.4426503611396,29,20.448432917,8.010447868084408e-11
2,622.5985423675165,425651.845424949,71.36566655967778,71.36596712740806,28,20.186307083,1.2994263390799725e-10
2,645.7748325074419,447312.49703263125,66.95020623617816,66.95046226355865,28,19.930317458,1.3452715531063816e-10
2,669.8138622590077,470344.374154943,63.361942379042084,63.36218675519687,28,19.399164834,1.8221431539407414e-10
2,694.7477471865686,494510.5218672352,60.286480326170576,60.28671975766358,29,20.033108459,1.310982060377383e-10
2,720.6097983594266,519370.74271995353,57.57352634289816,57.573766052624315,28,20.201259667,3.6193600582660317e-10
2,747.4345668546164,544237.1757864233,55.13019347573052,55.13044106960412,27,19.4098865,1.2169966172686067e-09
2,775.2578899163126,568200.0934981026,52.898923822062955,52.89917984595262,28,20.199279375,7.258068515495113e-10
2,804.116938833521,590299.4163545714,50.83810969793811,50.8383807647664,30,21.004957291,1.8527545645797373e-10
2,834.0502686000294,609881.7408839792,48.91753154850664,48.91782167421898,31,22.38645875,1.2859714623836535e-10
2,865.097869422947,627044.439858177,47.11723360388829,47.11754980539184,31,22.673590125,1.4986138158008122e-10
2,897.301220148658,642899.845032069,45.423301725597746,45.423646923762924,32,22.80225475,1.0738826677038813e-10
2,930.7033436775605,659410.2415470434,43.82716275701804,43.82754369926119,32,22.368163041,1.1725785722299248e-10
2,965.3488644416246,678830.39081644,42.330945507801545,42.331373912107736,32,23.000575917,1.495349092573479e-10
2,1001.2840680215583,703057.9520133251,40.94244322279566,40.942926652264276,32,22.041263167,1.971459453691052e-10
2,1038.5569629832269,733121.7835497328,39.68874412350847,39.68930270258879,31,22.2033955,6.244701603750805e-10
2,1077.217345015942,768734.8164820406,38.61274430041233,38.61340217942672,32,22.38257675,3.0310862291860293e-10
2,1117.3168634582971,807645.9133650593,37.793219347312146,37.79401118323293,34,24.182097375,7.394538259749786e-10
2,1158.909090300446,844798.72438101,37.36572414442298,37.366728069915986,34,24.968780875,1.6009012567756073e-10
2,1202.0495917549858,872515.3423739172,37.53959465429694,37.54089942338643,35,25.78413675,1.5698815256777068e-10
2,1246.796002492079,884425.4171424421,38.60985389793166,38.611601800083086,36,26.160599041,1.3841686145659394e-10
2,1293.208102637984,882637.3631448281,40.74307607804938,40.7452306533629,36,26.331349625,1.9427317817998683e-10
2,1341.3478976398621,878862.4551970764,43.090755489083755,43.092699300748734,35,24.884214084,4.61035816327727e-10
2,1391.2797011035627,885013.9089694828,43.99003759104612,43.991124776135806,36,25.676321583,2.6301883758547545e-10
2,1443.0702207150446,905040.379460219,43.272424327451546,43.27270836013472,37,26.263349125,1.6092520894188102e-10
2,1496.788647360245,935157.9680625093,41.69022195148728,41.689730977743885,37,26.376625667,1.8332477791980334e-10
2,1552.5067475624298,967384.9019599466,39.87302112117621,39.87167384487058,33,23.577353042,5.724917965601948e-09
2,1610.2989593605412,992400.3920593833,38.223633950694456,38.22123804039299,37,26.123413292,2.0448715280546422e-10
2,1670.242491756622,1002510.6572073137,37.04302596224559,37.039254244638585,38,27.407510834,1.789290849192755e-10
2,1732.4174278651828,995949.1208522414,36.64561114336811,36.63999489515137,36,26.497311541,2.282283312372902e-09
2,1796.9068319023127,980490.2545245579,37.34726304568811,37.339790499816274,40,29.33718975,1.0187411167907865e-10
2,1863.7968601574687,971089.5016455491,39.0205400586612,39.01256413201806,39,28.629971917,1.2024484778443389e-10
2,1933.1768760962038,979170.5608056325,40.72816284781129,40.72080424339949,41,29.871861375,1.5373200872533727e-10
2,2005.1395697476034,1000666.169578465,41.56805475524351,41.56189202569632,42,30.422992042,2.686388638423242e-10
2,2079.7810815359235,1016332.1853432613,41.15668081855973,41.151529181153535,44,31.422377541,2.9362404898631034e-10
2,2157.2011307218904,1010703.3541060679,39.68011793489478,39.67565194899311,46,32.25297575,5.822016318760898e-10
2,2237.5031486252237,990077.6554072843,37.842477126375215,37.838391618292,47,33.570212042,1.0024916013900902e-10
2,2320.794416806388,972513.5355504592,36.52649289344497,36.52279129115168,48,34.228007875,1.3043620627419265e-10
2,2407.186210392174,967960.0048684468,36.33287976174598,36.33014777482939,49,35.474884416,9.1357090804547e-11
2,2496.7939467365745,973930.2960107247,37.14962430055716,37.14782908449,47,34.078499292,1.3744918988269986e-10
2,2589.737339615606,974655.5214156304,38.408203304560715,38.404909661141254,49,35.249472041,1.0059085413348035e-10
2,2686.140559162015,957099.0076998314,39.4188475713424,39.409316767120664,52,37.986825125,1.0265952409665946e-10
2,2786.1323977535862,933794.6877276471,39.26200310812503,39.24928830380661,54,38.028820209,7.413061462421047e-11
2,2889.8464420766563,925435.5505880729,37.69995271825109,37.68029957485259,54,38.716092583,1.275374072884362e-10
2,2997.421251594704,927116.1148101389,36.60119065461745,36.576422752215805,51,36.409981458,1.1625276153284368e-09
2,3109.000543660457,919771.2794486966,37.89687753431987,37.87581093644193,56,39.608686917,8.444791873115809e-11
2,3224.73338551881,899722.9476929201,39.1320901554877,39.122776023241514,57,39.952251875,1.2238894758797502e-10
2,3344.7743934570694,883472.1290245086,38.53082877562561,38.53229241164961,61,42.503310166,6.035065568186961e-11
2,3469.28393936859,882452.3648341189,37.26205314579267,37.270940385678976,62,43.960813166,7.174503944907249e-11
2,3598.42836500576,880958.4911539376,36.1325886186496,36.14385460049997,63,44.9236925,8.996682773672531e-11
2,3732.38020420856,865913.2029180964,35.586316895807315,35.59364116342096,69,49.351916208,3.132312771472036e-10
2,3871.318413405634,852945.4109429363,35.12203475788431,35.12259662998222,69,48.246663583,9.776733056937035e-11
2,4015.4286106957557,853032.5614555132,34.24313973250483,34.24199036059506,68,47.58113625,3.659549969439929e-10
2,4164.903323829131,851609.8262702553,33.56096721143139,33.56464622777902,71,49.89293525,1.276226835699589e-10
2,4319.9422474198445,841610.2664177712,33.44864878692495,33.46003107581535,72,50.891053958,5.411287307518904e-11
2,4480.752509733024,837835.4094831721,32.95545270449728,32.98147543255245,77,52.874377792,8.270650171817073e-10
2,4647.548949403246,838128.1270905323,32.00215319067344,32.06088273501915,79,55.273674791,1.2936857087171765e-10
2,4820.554402453749,835536.6138134825,32.08882502340098,32.157985402535765,84,57.13170725,9.560622717727845e-11
2,5000.0,834718.5435327789,32.33534984735544,32.36142513123829,80,55.740218667,2.3340130025457377e-10
3,500.0,339694.31974913296,90.0,90.0,51,12.520002125,5.933466407538949e-10
3,518.6125477035284,352095.9910189962,90.0,90.0,51,12.417644875,4.499814519717607e-10
3,537.9179492710892,365619.87790284236,90.0,90.0,51,12.737793417,2.600193402156042e-10
3,557.941996253874,380469.2655896746,90.0,90.0,50,12.707745583,2.4975199522768533e-10
3,578.7114402960283,396805.72566062264,90.0,90.0,50,12.795892542,1.7781923855548854e-10
3,600.2540288742039,414755.1048385855,90.0,90.0,50,12.460108292,1.887420216001208e-10
3,622.5985423675165,434412.30764169194,90.0,90.0,50,12.965582791,1.723779682442049e-10
3,645.7748325074419,455838.8733770482,80.12763672873486,80.13625881941316,49,12.629593208,2.4930434561503265e-10
3,669.8138622590077,479048.86488791346,73.19919902427776,73.20387991939819,49,12.609310875,2.0083174690978024e-10
3,694.7477471865686,503979.37401532487,68.5099130518359,68.5132741494473,49,12.806166875,3.837369860993308e-10
3,720.6097983594266,530443.1274772295,64.78147935101673,64.78411387698894,48,12.238097458,3.492516040161365e-10
3,747.4345668546164,558064.8873421894,61.63191287892629,61.63407541311515,47,12.172184375,6.454870959477057e-10
3,775.2578899163126,586214.7008767716,58.87555257589808,58.87734039550069,47,12.112906625,7.716913248964804e-10
3,804.116938833521,613973.181257909,56.41293073538526,56.41443145128055,49,12.420418083,5.840112913483372e-10
3,834.0502686000294,640192.2350159308,54.17411331148859,54.175360482665866,50,12.96505975,5.107237263997183e-10
3,865.097869422947,663722.0683775565,52.116269502758314,52.117288096808004,51,13.227664542,6.528193760679644e-10
3,897.301220148658,683812.0447556056,50.20740824702634,50.20821638289592,52,13.564359166,5.211957782632391e-10
3,930.7033436775605,700541.7966320823,48.42381424713309,48.42442446080656,52,13.553172333,4.321853529515669e-10
3,965.3488644416246,715009.0196811372,46.74841007795638,46.748830214419456,52,12.6882865,7.458288469103502e-10
3,1001.2840680215583,729079.3175057089,45.171036787669046,45.17127263278051,52,13.483182291,1.085912698295933e-09
3,1038.5569629832269,744788.9357882598,43.686195034062386,43.6862446637754,50,12.917688625,9.367540079229844e-10
3,1077.217345015942,763701.8914021663,42.29307328509824,42.29293462113147,52,13.417653625,3.8519968073660164e-10
3,1117.3168634582971,786459.135925698,40.99659435591019,40.99626480841905,54,14.024728958,6.457747965508902e-10
3,1158.909090300446,812558.9528861893,39.81163899687729,39.81111477356814,55,14.507147625,6.478134280999166e-10
3,1202.0495917549858,840326.1267009627,38.755949538612214,38.75523209160249,56,14.72045275,8.062210586798736e-10
3,1246.796002492079,867141.267168645,37.85539266171189,37.85449687258953,57,14.736259167,7.572693422634947e-10
3,1293.208102637984,890153.036813472,37.13921371577432,37.13816437835895,57,14.373282958,6.791882999686082e-10
3,1341.3478976398621,907512.547547048,36.628624203198356,36.6275312171657,57,14.751587125,5.123299853795704e-10
3,1391.2797011035627,919441.4359804719,36.317653362063744,36.31665872453965,56,14.621491667,8.676405913162578e-10
3,1443.0702207150446,928003.2778671162,36.16253811606968,36.16190506948501,59,15.516467958,7.960906526998775e-10
3,1496.788647360245,935533.1829895946,36.08166368497513,36.081743459233394,60,15.303787416,1.047195701567927e-09
3,1552.5067475624298,943243.9314108919,35.98486346813477,35.98600217832688,61,15.263106084,5.252700135120936e-10
3,1610.2989593605412,951225.4590973213,35.823879031462255,35.8264329773566,55,14.2365795,4.310289874254302e-09
3,1670.242491756622,959382.1905978975,35.60276717375071,35.60703281118622,62,15.831561083,3.9154521010593973e-10
3,1732.4174278651828,967995.3943628476,35.36765913971584,35.373834679527675,63,15.945607375,4.0190224787080383e-10
3,1796.9068319023127,977164.5671430362,35.1663343011565,35.17441818773006,55,14.438046959,2.333262259026162e-08
3,1863.7968601574687,985673.9868767194,35.01525010554389,35.02487975734948,64,16.429073125,4.553219800670612e-10
3,1933.1768760962038,990820.8388932596,34.89052796099603,34.90072673801474,65,16.713977792,4.238691961380913e-10
3,2005.1395697476034,990233.723338262,34.74281366697176,34.75268368300145,63,16.003405333,9.575831142121442e-10
3,2079.7810815359235,984430.1403585003,34.54417963873435,34.55284094154309,68,17.155254458,7.247142449483415e-10
3,2157.2011307218904,977237.0214078553,34.323565343600016,34.330856933875204,69,17.867136042,6.779072830757051e-10
3,2237.5031486252237,973004.4136040184,34.18308635150233,34.1897426153842,73,18.640227875,3.84068056324242e-10
3,2320.794416806388,972759.5718230767,34.26919875491224,34.27650778547505,75,19.378141958,2.9452496212239005e-10
3,2407.186210392174,972545.7934597967,34.65375299160337,34.6626087780358,75,19.31883925,4.857608469655689e-10
3,2496.7939467365745,966280.9823764374,35.17747468802528,35.18669657984808,75,18.962359667,4.350599470610547e-10
3,2589.737339615606,952354.5199047611,35.52098237222636,35.52761189369561,74,19.272069,7.385969761958779e-10
3,2686.140559162015,937248.4102149252,35.49236173009382,35.49236069411807,78,20.217362208,5.055072682412399e-10
3,2786.1323977535862,928963.7362753539,35.09935463479267,35.0903579526391,82,20.436528166,5.574695027505405e-10
3,2889.8464420766563,926169.6669942347,34.44718706894975,34.430151201608474,85,22.079344625,5.495950464562503e-10
3,2997.421251594704,919248.681356667,33.726981499824284,33.70693436463674,84,21.88584025,3.644307061638642e-10
3,3109.000543660457,904895.6363490764,33.18728303692726,33.1697872383093,84,21.081588708,6.513808441534983e-10
3,3224.73338551881,890316.0134107596,32.924294099626294,32.907301671316375,86,21.816883875,4.3581136332929193e-10
3,3344.7743934570694,882110.6494567192,32.85067373312756,32.82633355295795,85,21.61844175,4.1188018226407363e-10
3,3469.28393936859,878047.4863518396,32.833407560906714,32.79846741852805,92,24.295093125,2.7313249369536176e-10
3,3598.42836500576,871359.7637295515,32.66592054069161,32.63253731597332,96,24.63143975,3.6710989026456903e-10
3,3732.38020420856,861650.117237764,32.23243938199844,32.220277112919035,96,24.35305,7.643174144316562e-10
3,3871.318413405634,853242.3676404738,31.705071105794143,31.710501617549163,123,31.420760042,6.937454880235707e-11
3,4015.4286106957557,848680.7436733658,31.271513727834222,31.258635499436206,138,35.411298625,9.296488223526013e-12
3,4164.903323829131,847445.6593164024,31.10475366871276,31.04531247104451,128,32.382270625,6.029642985870467e-11
3,4319.9422474198445,843313.1540056788,31.434330172445065,31.364185492708987,138,35.168053625,1.4878731941525717e-11
3,4480.752509733024,834539.5363737772,31.852372446642995,31.84394824621322,146,36.984834834,4.598127004050646e-12
3,4647.548949403246,831768.8463019643,31.643620493393904,31.686342164061184,154,39.13243425,5.013136220215182e-12
3,4820.554402453749,834980.1162468847,31.432510759755683,31.468661428992537,162,40.821641708,4.165225346886133e-12
3,5000.0,830415.35326155,31.51424180928456,31.541873613499252,170,43.814789375,4.345565050220751e-12
4,500.0,490199.0855442366,90.0,90.0,26,16.789222583,6.181251359539723e-11
4,518.6125477035284,516264.15556643903,90.0,90.0,26,17.198333208,5.96706741023095e-11
4,537.9179492710892,544951.3975464116,90.0,90.0,26,17.72689825,5.82719430594761e-11
4,557.941996253874,576731.3284821691,90.0,90.0,26,17.462854833,6.68266804738354e-11
4,578.7114402960283,612168.4446709141,90.0,90.0,26,17.688704542,6.367666796032037e-11
4,600.2540288742039,651948.709586041,76.53827999533586,76.540032918868,26,17.073731375,6.600944266305485e-11
4,622.5985423675165,696912.7697237155,70.78583083164128,70.78698943864319,26,17.42139725,6.868280114454226e-11
4,645.7748325074419,748091.471270459,66.51672038884513,66.51763374122832,26,17.198532292,7.895209634446208e-11
4,669.8138622590077,806733.6164519797,63.00803537637563,63.008802267295266,26,17.022164542,9.055769668282574e-11
4,694.7477471865686,874299.9607780714,59.99184028354551,59.99248425284596,26,17.02829575,1.0578322972846676e-10
4,720.6097983594266,952361.9554338038,57.32374022013046,57.32431091302602,26,17.459870958,1.34830866717383e-10
4,747.4345668546164,1042272.2804248253,54.9135088754631,54.914011134816164,26,17.242502416,1.9247531326868912e-10
4,775.2578899163126,1144357.333577445,52.70997087800706,52.71042269442879,25,17.389342542,8.095761607286841e-10
4,804.116938833521,1256292.7744352217,50.67177336768496,50.67218203899881,25,16.991186083,1.1851355608898834e-09
4,834.0502686000294,1370648.1805709864,48.772395398253764,48.77276703475429,27,18.213493833,1.9251797967966438e-10
4,865.097869422947,1473210.3032042524,46.99349494606206,46.99383487102685,28,18.153447417,1.3915397922811794e-10
4,897.301220148658,1546413.4636801996,45.32797267770874,45.328289735987056,28,18.608358042,1.9682192220984599e-10
4,930.7033436775605,1580224.7416106472,43.77088880798578,43.771184517456625,28,18.420789834,2.2264173952834933e-10
4,965.3488644416246,1581079.0448162598,42.33467833874828,42.33496354262,28,18.232016292,3.0891006071986156e-10
4,1001.2840680215583,1565981.9864824608,41.043384602559016,41.04366962636661,28,18.603577708,4.688606877799989e-10
4,1038.5569629832269,1546880.0926072565,39.95521944535857,39.95551393575038,28,18.3542335,6.391756227705035e-10
4,1077.217345015942,1519414.8468492301,39.176284681441224,39.176633700530346,29,19.006353541,3.639529609735477e-10
4,1117.3168634582971,1462547.6232352306,38.91188450061405,38.9123354997011,30,20.510222666,2.3732788996167316e-10
4,1158.909090300446,1354134.0827662528,39.6337590135421,39.63449972439005,31,20.751397166,1.4511006062500083e-10
4,1202.0495917549858,1197762.7748994564,42.59607232466874,42.59771059612373,31,20.899214209,1.7400593004432338e-10
4,1246.796002492079,1027847.7801646825,50.33119198083606,50.33464704636561,31,19.903626458,2.2645950678401365e-10
4,1293.208102637984,882154.9738733998,55.957942512474865,55.960274261231056,29,19.246931583,2.5055485803559343e-09
4,1341.3478976398621,779917.4080065894,56.7388153242874,56.73988023549506,31,20.339856292,2.684305028523646e-10
4,1391.2797011035627,721095.6913060854,55.077881513939175,55.07795587696963,32,21.037903834,1.2399706461628026e-10
4,1443.0702207150446,693773.0471261694,52.35592625152492,52.35528053932193,32,21.098320166,1.779117305880015e-10
4,1496.788647360245,682068.6633608425,49.37889504190147,49.37779646049689,32,21.04085475,2.927460110945274e-10
4,1552.5067475624298,672629.2058473518,46.61734757325892,46.61606816661429,33,21.774787125,1.7197940903176805e-10
4,1610.2989593605412,658448.6022845685,44.39243987996022,44.39130059284977,34,22.845808,9.623176568507645e-11
4,1670.242491756622,639592.8847983829,42.99637877946529,42.99570575661355,35,23.605761208,8.269858310156664e-11
4,1732.4174278651828,621858.5207554026,42.67533634003627,42.67550734503469,33,22.1349515,1.0554159994146895e-09
4,1796.9068319023127,614892.9280629939,43.48021024403773,43.48136915165082,36,24.029532542,8.328073042610408e-11
4,1863.7968601574687,628424.3567359187,45.04900541527393,45.050963164402376,36,23.656559667,1.2905379959575382e-10
4,1933.1768760962038,664373.7988808245,46.81947695011246,46.82209192196205,36,23.572007084,3.2095061141385096e-10
4,2005.1395697476034,709410.0146728583,48.248940341931856,48.25234699439688,39,25.325496416,1.4472159308147491e-10
4,2079.7810815359235,742119.4690558708,48.484945303031004,48.48922755056797,38,25.114008041,8.023783717815118e-10
4,2157.2011307218904,758567.911381615,46.685188787516765,46.68932800843766,42,27.558348083,1.4517478677481063e-10
4,2237.5031486252237,776496.5218543105,43.923691059683904,43.92699956849485,43,28.202616209,5.232591817061185e-11
4,2320.794416806388,806781.8396053022,42.12378942854784,42.12756489252404,43,28.74218625,1.2037959666940853e-10
4,2407.186210392174,848082.3601693962,42.1652784002011,42.17096560488225,44,29.159233792,1.0048736266062872e-10
4,2496.7939467365745,894007.547188088,44.863835039319966,44.87076864725599,43,28.904176542,1.4675157633144992e-10
4,2589.737339615606,924006.0470554265,47.83413309736083,47.836867503758995,45,29.855441,1.034138334012492e-10
4,2686.140559162015,927321.7702786739,48.33272134936977,48.33081571872443,44,28.574290541,6.144642306656375e-10
4,2786.1323977535862,928514.6728762699,47.2828182314178,47.28126605072439,49,32.297315125,6.04442099328928e-11
4,2889.8464420766563,945103.5374409107,45.244658009255986,45.24548886006768,50,32.764245458,8.493634250488313e-11
4,2997.421251594704,955393.4320542634,43.797776146889426,43.79901934018634,52,33.389956042,8.171796821516499e-11
4,3109.000543660457,942898.2853145895,44.222049028093736,44.222596270317844,51,33.003389875,7.500000871227006e-11
4,3224.73338551881,910417.8247920444,44.24471841056803,44.24635258293431,54,35.751544959,7.664724648254772e-11
4,3344.7743934570694,885026.690548567,43.09285033372439,43.09362875472894,52,33.737416,6.617375231195591e-10
4,3469.28393936859,873446.006785811,41.147148862478396,41.145567123277864,57,37.445922042,2.9632607740001474e-11
4,3598.42836500576,852204.2383163029,39.23714809708849,39.23284628174184,58,37.871274125,8.416237539594734e-11
4,3732.38020420856,817794.8041056602,38.83265344301578,38.81982834897245,62,39.858298083,6.129152101981348e-10
4,3871.318413405634,796230.7142046208,39.78475523622991,39.75602327180351,63,40.568749459,1.919221755943828e-10
4,4015.4286106957557,791214.5444426691,38.67667892437395,38.65005725452693,66,41.627915958,1.2410822509892938e-10
4,4164.903323829131,781170.7385158268,37.29637990458542,37.27338447225309,65,41.403662666,4.6101160758243424e-11
4,4319.9422474198445,773445.8883063787,37.96572635870771,37.94812792141728,67,43.048003667,9.969410987384897e-11
4,4480.752509733024,782208.3879728407,38.33604761421944,38.341203203730885,71,44.612005959,1.5321443932406077e-10
4,4647.548949403246,787619.529302256,37.128423363186975,37.14264239976753,74,47.751440166,4.594090941789969e-11
4,4820.554402453749,795928.5852796596,35.923154161204096,35.92934152373092,121,79.096297667,2.3011287352958653e-09
4,5000.0,814755.4714397655,36.12646456789687,36.12186535931494,77,49.493806041,4.640652671084022e-11
5,500.0,569589.9009713208,90.0,90.0,39,14.55578875,1.7051210400556844e-10
5,518.6125477035284,603395.3027557052,90.0,90.0,39,14.710063417,1.8701836486801333e-10
5,537.9179492710892,640374.8309372597,90.0,90.0,39,14.706233292,1.8298248172648919e-10
5,557.941996253874,681102.3659512565,90.0,90.0,39,14.349113,1.8914133173503993e-10
5,578.7114402960283,726254.123087805,90.0,90.0,39,14.696567542,1.877296809832157e-10
5,600.2540288742039,776578.7568019676,90.0,90.0,39,14.565299959,2.2432276058714321e-10
5,622.5985423675165,832819.8654763667,90.0,90.0,39,14.544656042,2.1611852629909366e-10
5,645.7748325074419,895545.9204375691,90.0,90.0,39,14.598576667,2.3488200573823787e-10
5,669.8138622590077,964809.0312487942,80.65494155137122,80.65902775224748,39,14.935998459,2.570865832446043e-10
5,694.7477471865686,1039522.6252595147,73.99628537783,73.99843026028043,39,14.623249417,3.0699156115634547e-10
5,720.6097983594266,1116485.0794219354,69.53146154437965,69.53299019128868,38,14.488356625,5.607327050833735e-10
5,747.4345668546164,1189258.9151580068,66.00491816755819,66.00607511134795,34,12.500276958,1.0066727933791442e-08
5,775.2578899163126,1247861.8841282174,63.060050397195724,63.06092250383153,38,13.913722,6.564877995921151e-10
5,804.116938833521,1281034.5927187148,60.52117485682196,60.52181779255239,40,15.126989208,2.747384532117993e-10
5,834.0502686000294,1281718.9183538358,58.28948303936808,58.28994330868899,40,15.014872041,3.4565091752369164e-10
5,865.097869422947,1252125.9260595012,56.312836650243916,56.31313077370292,41,15.152682417,2.578568854990763e-10
5,897.301220148658,1202910.249051541,54.55852871180284,54.55866800561756,41,15.818272209,2.8346869967026937e-10
5,930.7033436775605,1146896.879130896,53.008262578516685,53.00825451579801,41,15.466374625,3.797880837441423e-10
5,965.3488644416246,1093266.7370316798,51.669076907251906,51.66892465129823,39,14.730879625,1.4759119970619444e-09
5,1001.2840680215583,1045575.2120298655,50.54923193196931,50.54893498732913,41,15.704781834,5.430405577328351e-10
5,1038.5569629832269,1002693.3409555466,49.68238321015954,49.68194430002589,42,15.483921542,3.3834318432679535e-10
5,1077.217345015942,960979.9727615896,49.12115292913631,49.120568653174864,43,16.353500541,2.7955915259907443e-10
5,1117.3168634582971,916889.0821748743,48.941148512853445,48.94046329914953,44,16.965899041,2.513202768651954e-10
5,1158.909090300446,869455.8464778155,49.22498858137608,49.224230900933804,45,16.790869208,2.3252659749856434e-10
5,1202.0495917549858,821596.1397516774,49.99867587947786,49.99798649306598,107,40.975649666,1.0963823157409155e-08
5,1246.796002492079,779194.9711930039,51.133093775696416,51.13258833100302,45,17.061361584,2.732467173409377e-10
5,1293.208102637984,748260.8859917609,52.22886369287896,52.22859582389939,43,15.843412583,1.2404340678645677e-09
5,1341.3478976398621,731814.9835291698,52.80477230025428,52.80457218746965,46,16.997858958,2.6418473293505234e-10
5,1391.2797011035627,728331.1776582397,52.60733457518132,52.60691409289463,47,17.214624541,2.29714366761929e-10
5,1443.0702207150446,732553.9762367245,51.688518313548826,51.68760920438421,48,18.086901333,1.8001438998155237e-10
5,1496.788647360245,738182.8991606234,50.27626648586434,50.27467134312633,48,17.960808125,2.5263869095343875e-10
5,1552.5067475624298,740954.5164516467,48.63666289538016,48.63424217392633,46,17.3144405,8.453091089641667e-10
5,1610.2989593605412,740428.4633081522,47.004479656211785,47.001158532074086,48,18.285644041,3.0295007064848104e-10
5,1670.242491756622,739556.474945247,45.559938934806844,45.555660159635735,50,18.841817583,1.6844612536488074e-10
5,1732.4174278651828,742592.6656584414,44.43987614390059,44.43470170202444,52,19.282575416,1.605189845650497e-10
5,1796.9068319023127,752640.1254047134,43.73413113167008,43.728258406769925,53,19.920355792,2.841902741532917e-10
5,1863.7968601574687,769659.3996266624,43.47367477145354,43.46761160949112,53,20.079973166,1.8351610479057345e-10
5,1933.1768760962038,789606.4478059039,43.59137990227585,43.58598611236559,53,20.087071334,2.2581284416604046e-10
5,2005.1395697476034,806300.0784687368,43.877425401554206,43.87395536046197,53,19.557868833,4.4921988558605124e-10
5,2079.7810815359235,816771.2063989067,43.99781467254141,43.99764625599149,57,20.66438325,2.4018868354754473e-10
5,2157.2011307218904,824924.8539916859,43.65963587297808,43.66367117553771,59,22.335668791,1.8188554702608206e-10
5,2237.5031486252237,836884.5288553609,42.86713434381251,42.87503287401904,59,22.629542166,1.6683966452475452e-10
5,2320.794416806388,853636.4528662551,41.98004600187543,41.99050029533082,61,23.069327583,1.2182310570133186e-10
5,2407.186210392174,870585.8877555759,41.37556768088208,41.387163029631346,62,23.083185167,1.6604632481444724e-10
5,2496.7939467365745,881699.9001167266,41.180044258774885,41.19156199157558,63,23.869584958,2.337063290926752e-10
5,2589.737339615606,884575.7041849211,41.30759941619399,41.31846982708371,63,24.025322875,9.996441579178205e-10
5,2686.140559162015,884636.2654718001,41.47392941187651,41.48429825227523,67,25.034428334,2.1667624958060112e-10
5,2786.1323977535862,889069.0599929296,41.208456317758646,41.21937112460672,63,22.937799667,9.402003048381747e-10
5,2889.8464420766563,895003.7092855165,40.246921567274306,40.26022631713521,69,25.811006084,1.3479371915950318e-10
5,2997.421251594704,892821.0885834874,39.0442168316242,39.061353423722316,70,25.75930875,1.691036355492816e-10
5,3109.000543660457,881241.871196207,38.42065805008682,38.4411373896626,71,26.73666225,2.8509214587568885e-10
5,3224.73338551881,868342.8137154916,38.479060664166084,38.50060659775763,72,26.87453025,3.1242360609533346e-10
5,3344.7743934570694,859202.8957628186,38.468271365621995,38.48815679053167,79,29.85769025,1.2814686676647644e-10
5,3469.28393936859,849626.0382271339,37.80231999259857,37.816753744834514,79,28.952026375,1.1155679787763874e-10
5,3598.42836500576,836184.1623909029,36.597255656704995,36.60208376666108,81,30.859606,1.7776766978265194e-10
5,3732.38020420856,822058.0861209038,35.44692636681695,35.44329425251478,81,30.961767709,6.662782950122941e-10
5,3871.318413405634,810015.5633836009,34.87687140646138,34.87367103251353,80,29.659093334,1.4823221508922206e-09
5,4015.4286106957557,802029.5129631641,34.69841393975636,34.709128007952835,88,33.055943,1.4145219642046093e-10
5,4164.903323829131,799806.5033249127,34.3256347441494,34.35956425935855,92,34.63337725,8.020054584332567e-11
5,4319.9422474198445,798307.5276670904,33.7223332977497,33.76898800751148,94,34.609779834,1.886984306406499e-10
5,4480.752509733024,794638.8388591023,33.307620966658966,33.34071323813713,95,34.35321325,3.4002789601726387e-10
5,4647.548949403246,799050.6725621339,33.2770240311988,33.28518879747625,117,44.824043125,5.107376444628438e-11
5,4820.554402453749,809826.5741176666,33.19894779974669,33.20548561919312,112,42.191380792,6.5342106157374e-10
5,5000.0,812865.400450073,32.827757334084716,32.858271915276305,124,47.042994584,1.8211747127683303e-11
6,500.0,748049.7762445707,90.0,90.0,61,5.447840041,1.1745557090169468e-09
6,518.6125477035284,797737.623643485,90.0,90.0,61,5.804094125,1.179178005703568e-09
6,537.9179492710892,833841.9748110313,90.0,90.0,61,5.624391875,1.177174196093643e-09
6,557.941996253874,845981.9733885635,90.0,90.0,61,5.860636666,1.2216120863776515e-09
6,578.7114402960283,831134.6827631136,90.0,90.0,61,5.77007975,1.2695319340331786e-09
6,600.2540288742039,798523.6110412235,90.0,90.0,60,5.75773425,1.2104783530316182e-09
6,622.5985423675165,763754.4011706654,90.0,90.0,59,5.682427125,1.397877810239787e-09
6,645.7748325074419,739343.7186084561,90.0,90.0,56,5.223369042,2.4365029056366487e-09
6,669.8138622590077,731201.9039992822,90.0,90.0,54,5.045194125,4.166925071311819e-09
6,694.7477471865686,740335.1391759907,90.0,90.0,58,5.589542708,1.015878281803999e-09
6,720.6097983594266,765495.4045769816,90.0,90.0,58,5.591087459,8.208788724426852e-10
6,747.4345668546164,804825.9808819052,90.0,90.0,59,5.364580208,7.671702957108293e-10
6,775.2578899163126,856354.3039334478,90.0,90.0,59,5.705054583,7.843032578787574e-10
6,804.116938833521,917572.185758722,90.0,90.0,59,5.483460959,7.44307086188687e-10
6,834.0502686000294,984186.8438718831,90.0,90.0,58,5.691100292,9.34241025753564e-10
6,865.097869422947,1048113.35912056,90.0,90.0,57,5.560708542,2.4646689523029788e-09
6,897.301220148658,1095671.158740663,90.0,90.0,59,5.882258833,1.368830462096655e-09
6,930.7033436775605,1109271.2344078438,90.0,90.0,61,5.62594725,1.0624507182991906e-09
6,965.3488644416246,1076478.0586303414,90.0,90.0,63,6.14374425,1.0599223150563712e-09
6,1001.2840680215583,1001651.1423695371,90.0,90.0,63,5.956683417,1.0457448515846308e-09
6,1038.5569629832269,905808.6487238596,90.0,90.0,64,6.133078292,8.660115098577791e-10
6,1077.217345015942,813553.1125290721,84.51446709890551,84.51067357365152,64,6.162954666,7.297288865753237e-10
6,1117.3168634582971,742240.8794069431,78.04408533630698,78.04258179924672,64,6.004546459,6.925410348277533e-10
6,1158.909090300446,699891.3340446525,73.60685012697611,73.60616864204837,64,6.22249325,5.638201859596106e-10
6,1202.0495917549858,687239.6213605911,69.79023763208917,69.79003770661328,64,5.90816775,6.038952543029774e-10
6,1246.796002492079,700177.8105014483,66.28646569223129,66.28660997978804,63,6.136275625,6.638443838813106e-10
6,1293.208102637984,731743.9251512988,62.97471629536102,62.97511282532651,60,6.048602,1.904949876682734e-09
6,1341.3478976398621,773342.761538559,59.82249634129258,59.82309146181783,64,5.795532125,6.700997103127309e-10
6,1391.2797011035627,815241.509883781,56.82425597241546,56.82501015349442,66,6.446559375,7.534833875816443e-10
6,1443.0702207150446,847322.7010359155,53.99777077110328,53.99866085325956,67,6.339357125,7.887169181661953e-10
6,1496.788647360245,861373.5491115289,51.366394691898655,51.367414854331045,104,10.038211333,1.0363301789184284e-08
6,1552.5067475624298,854680.8250298714,48.94415220509591,48.945295896869695,65,5.958950042,1.4683918849300538e-09
6,1610.2989593605412,832151.9501272294,46.73751794216942,46.73879187513755,67,6.355769709,7.044188944525501e-10
6,1670.242491756622,804340.7412742353,44.73751815845976,44.738929895695,70,6.860721416,5.231737493299165e-10
6,1732.4174278651828,782607.7668516818,42.92461468850578,42.92617475090653,71,6.890567916,5.507175135031115e-10
6,1796.9068319023127,774884.7475038994,41.27154532844083,41.27325879693098,72,7.0773585,5.582506310956492e-10
6,1863.7968601574687,783778.8370616301,39.749252959183245,39.75113392169188,72,6.562277333,6.465801361152239e-10
6,1933.1768760962038,806568.201711002,38.330390900114445,38.33243924868001,69,6.573771958,2.429850474282405e-09
6,2005.1395697476034,836105.8041835104,36.99271903619092,36.99494310826248,75,7.038740625,1.3073902488158507e-09
6,2079.7810815359235,862378.2236185229,35.720511698597036,35.72287603220325,78,7.4288005,5.303883967754698e-10
6,2157.2011307218904,875611.8406102007,34.512090857217565,34.51452838264722,78,7.673548208,5.165497698485636e-10
6,2237.5031486252237,871459.9682914041,33.381432669895304,33.38378435887799,80,7.666479167,5.261489638002637e-10
6,2320.794416806388,855447.5126306374,32.36297900192215,32.36491742783153,83,7.942933792,4.920021152311604e-10
6,2407.186210392174,841351.8012832412,31.50634515049394,31.507267955918532,104,9.721388,8.680802967734497e-09
6,2496.7939467365745,842203.2079453546,30.852800307593988,30.8517620773106,82,7.637651583,1.068253547854799e-09
6,2589.737339615606,859516.3941413049,30.3935317790351,30.38942167611945,87,8.187946375,3.6100541603536933e-10
6,2686.140559162015,880121.424856348,30.022163480296943,30.014573639286354,90,8.785610792,6.555425971747195e-10
6,2786.1323977535862,887598.771990391,29.58025303034463,29.57067008671981,92,9.194370709,6.546970075907288e-10
6,2889.8464420766563,879027.3738877475,28.967409201039874,28.958460615960764,91,9.087229916,7.263346074190084e-10
6,2997.421251594704,864829.9433233263,28.224907205990192,28.21867561776621,95,9.287828708,4.671126612037404e-10
6,3109.000543660457,855030.7108136123,27.437856345576225,27.435188112535666,99,9.320915958,3.3481097348142467e-10
6,3224.73338551881,852044.6601233757,26.6810874930662,26.681431208943454,100,9.78229575,4.5961650093814935e-10
6,3344.7743934570694,852123.977934176,26.018818931767647,26.02067069565691,95,8.9526755,9.558292501907575e-09
6,3469.28393936859,848710.4344160671,25.51075984699835,25.51181366736631,147,14.30421975,1.4225593735269705e-11
6,3598.42836500576,836258.7487588285,25.18547121403531,25.183410076243337,147,14.117776375,2.5901333617757794e-11
6,3732.38020420856,818430.3675199797,25.028732029663157,25.022636031140006,145,14.102448041,5.054294078076838e-11
6,3871.318413405634,808293.7215196439,24.89437893894049,24.886320767248847,168,16.237060125,8.979071925017924e-12
6,4015.4286106957557,809705.1614680823,24.573874812987103,24.565196140056514,170,16.27828175,1.186385798330102e-11
6,4164.903323829131,810042.982740167,24.095929064199265,24.08318230049482,186,17.803315625,4.5293654822749815e-12
6,4319.9422474198445,802538.68735182,23.75089911147613,23.727430268757995,182,17.232240875,5.970606637177949e-11
6,4480.752509733024,799491.9919555191,23.629712283944766,23.589160517186805,189,18.465288208,2.7258672373466822e-11
6,4647.548949403246,807639.37169407,23.49980771456472,23.44638886156095,186,18.412990875,2.5888408480191702e-11
6,4820.554402453749,815346.7313567874,23.38135617669924,23.324177835239066,198,18.734154584,6.782580699278298e-12
6,5000.0,811891.5416015781,23.4971175481093,23.43462175089927,187,18.90149825,2.8113567481826825e-10
7,500.0,224043.55794915784,90.0,90.0,28,12.587871667,4.6663918136086795e-11
7,518.6125477035284,232984.74857658756,90.0,90.0,28,12.705697958,3.674690658953726e-11
7,537.9179492710892,242626.1449198314,90.0,90.0,28,12.636147417,3.071082647532448e-11
7,557.941996253874,252977.16453688534,85.79307488620265,85.80221924472356,28,12.637241583,2.610838635156938e-11
7,578.7114402960283,264042.8429727844,75.24874130005001,75.25146643470795,27,12.041670708,6.907874380246163e-11
7,600.2540288742039,275820.5416655237,69.69024926479572,69.69208138593173,27,12.519996542,7.455517708572432e-11
7,622.5985423675165,288293.0635052238,65.47106908419137,65.47250922406171,27,12.20893625,9.094765530294075e-11
7,645.7748325074419,301417.88496898167,61.971180965312655,61.97235155950503,28,12.552502083,4.617987117056778e-11
7,669.8138622590077,315112.61181141326,58.943911301134555,58.94489925369139,28,12.459469625,5.96899223155724e-11
7,694.7477471865686,329238.3096630747,56.25247738281686,56.25332705629037,28,12.330017916,7.934257183337994e-11
7,720.6097983594266,343585.9105220186,53.812684285715314,53.81340746305587,27,12.156625708,2.1565471409006556e-10
7,747.4345668546164,357876.843515485,51.57075203775226,51.571370371122036,25,10.969919084,1.9452681131281922e-09
7,775.2578899163126,371795.32444365614,49.48603630561568,49.48655896995232,28,12.713701084,1.6833648585467557e-10
7,804.116938833521,385068.96450103284,47.52915371486452,47.52958704429674,29,13.286056833,8.934800940791356e-11
7,834.0502686000294,397594.8077175086,45.6773064427898,45.677654324624555,30,13.821799,5.1889597725040727e-11
7,865.097869422947,409567.3216739577,43.9129780217011,43.91324216890615,30,13.722021292,6.341894487748411e-11
7,897.301220148658,421531.8354905313,42.22282133533512,42.22300116712104,30,13.765125834,7.717644282003589e-11
7,930.7033436775605,434309.8588235692,40.59751143911001,40.59760512621482,31,13.749555917,4.749234182109955e-11
7,965.3488644416246,448824.12361450796,39.03317460469667,39.03317850748221,31,13.713446458,6.150288000276576e-11
7,1001.2840680215583,465914.7733903644,37.53066481470301,37.53057441617587,31,13.651161625,8.128869239349179e-11
7,1038.5569629832269,486213.4126779706,36.10241470629356,36.102225344351034,31,13.815460791,1.1325881105008965e-10
7,1077.217345015942,510048.75002538477,34.77388936677283,34.7735981266431,29,12.442828791,7.386955199085586e-10
7,1117.3168634582971,537261.7093778248,33.596625386382435,33.59623722531195,31,13.837636875,1.4550947919219881e-10
7,1158.909090300446,566767.4302730844,32.6579717340267,32.65750988645005,33,14.982128375,5.4972552962791916e-11
7,1202.0495917549858,595904.4364311117,32.089630651523244,32.08915434510435,34,15.151191583,6.140748277348831e-11
7,1246.796002492079,620522.8523620258,32.04623954983023,32.04590422792753,34,15.290371458,9.919367203220367e-11
7,1293.208102637984,637729.9525445403,32.58761531213345,32.587726966792346,35,15.450046916,5.86360154943011e-11
7,1341.3478976398621,649953.4942783267,33.403276337483106,33.404206649397814,34,15.12107575,1.5445623321599942e-10
7,1391.2797011035627,663834.3097164653,33.788540770757145,33.79027827888283,33,14.812457834,4.463308784119236e-10
7,1443.0702207150446,684610.7870831997,33.31583235055913,33.31807595961786,34,15.059265709,1.6739861096153325e-10
7,1496.788647360245,713689.9925947811,32.196337838974294,32.19872022438444,33,14.595107084,5.070796811086039e-10
7,1552.5067475624298,749694.0464836139,30.83033130529425,30.83266354323296,35,15.880372875,9.053586740074299e-11
7,1610.2989593605412,789306.106088468,29.506270981414353,29.50870159584613,34,15.451815541,7.195865312147577e-11
7,1670.242491756622,827031.3000429833,28.4368758790115,28.439466840836022,35,16.253026541,8.449135881918234e-11
7,1732.4174278651828,855630.7855429966,27.916469745766264,27.919372916434547,34,15.664447417,5.227467733008982e-10
7,1796.9068319023127,870432.5442374187,28.674002816267954,28.67864212374002,38,16.784608625,9.099069304044122e-11
7,1863.7968601574687,876693.0210871133,32.60346660957776,32.6138404576414,40,18.045289709,7.233423013289129e-11
7,1933.1768760962038,888746.2419915453,36.58829621841178,36.5973012365902,41,18.254302125,9.308136381158339e-11
7,2005.1395697476034,916789.3070000022,37.54000490402274,37.547929455397934,40,18.013511542,3.411758500722285e-10
7,2079.7810815359235,957184.049376622,36.84782830407725,36.85563374552011,41,18.043724458,1.774881454627595e-10
7,2157.2011307218904,993139.8055444498,35.40071968848462,35.40828181416141,42,18.629597208,1.5245441376690356e-10
7,2237.5031486252237,1005439.6483916785,33.934779864508464,33.94265970347405,44,18.919118917,7.980857344217608e-11
7,2320.794416806388,996877.7502529566,33.268184213278644,33.275323865839844,44,19.82960825,8.980770363839649e-11
7,2407.186210392174,991282.639950142,33.88220866962923,33.88780002151858,46,20.549245458,6.979603380465186e-11
7,2496.7939467365745,1004307.930527559,34.745055853683795,34.74856162568781,46,20.898377125,2.298595142511685e-10
7,2589.737339615606,1028392.2547568427,34.945886811764176,34.9476996299577,47,21.142768042,1.5513006432631187e-10
7,2686.140559162015,1038860.0840927575,34.51102600627789,34.511922236576,47,20.829022959,9.433098176758578e-11
7,2786.1323977535862,1022836.9926160553,33.74800538536886,33.749002823264455,48,20.351908125,1.293836394730507e-10
7,2889.8464420766563,1003116.6858757959,33.02369820014795,33.02502334980172,50,22.351528,5.708848737601721e-11
7,2997.421251594704,1004991.9812255589,34.19173307406219,34.19005805278314,51,22.716054917,1.0180620948654032e-10
7,3109.000543660457,1015709.0913396783,37.72171561501591,37.715143962833324,50,22.308572958,4.376944216418863e-09
7,3224.73338551881,1006042.3272145207,38.97449477955125,38.96267104113627,55,24.708558542,5.230579267835854e-11
7,3344.7743934570694,981328.4202922811,37.638711988115254,37.62875253918203,59,27.14261175,6.88544389122013e-11
7,3469.28393936859,972999.8347853136,37.38900081377418,37.37473020089615,59,26.33298375,7.83672938796228e-11
7,3598.42836500576,977999.1568760142,37.87793900338911,37.85383031095554,62,27.449529834,6.868413942696171e-11
7,3732.38020420856,968654.8795453488,37.32510050781659,37.290848102089896,63,28.371687959,9.136278691933714e-11
7,3871.318413405634,945260.9405177251,35.95832309207348,35.91466903631398,66,28.816330125,1.659022381797807e-10
7,4015.4286106957557,939904.0810938017,35.16417689230139,35.12701728189179,65,28.746279084,9.483336329351286e-11
7,4164.903323829131,941592.8820902477,34.93365670167899,34.90119184953132,71,30.556702416,2.743226115783831e-11
7,4319.9422474198445,927830.5302314092,34.695621504548555,34.62996994637536,68,29.79638675,3.3514370329977074e-10
7,4480.752509733024,914546.7566233369,34.78012215333127,34.665859333933874,77,33.553910334,9.950768044370023e-11
7,4647.548949403246,914865.5013875217,34.60484243979974,34.5648837633683,75,33.283620083,4.2459442921237164e-11
7,4820.554402453749,908794.6651981855,34.09449275600912,34.14822051225623,77,34.351571834,1.317841474802404e-10
7,5000.0,896957.7516530945,36.17029572351056,36.15472809946827,78,34.609696,1.289712784808735e-10
8,500.0,223463.39626867097,90.0,90.0,47,15.751563625,8.539828010178292e-11
8,518.6125477035284,231909.89005783072,90.0,90.0,47,16.063323,7.291038463416229e-11
8,537.9179492710892,241197.44191310756,90.0,90.0,47,15.459861792,6.378543988466288e-11
8,557.941996253874,251316.03206958043,90.0,90.0,46,15.53964975,7.204387372115114e-11
8,578.7114402960283,262259.008711585,90.0,90.0,46,15.791696084,7.186697653633214e-11
8,600.2540288742039,274024.1930236524,87.36349092580532,87.3737144320577,46,15.459821166,7.433852595395572e-11
8,622.5985423675165,286610.83904381195,75.75759132681715,75.75921354930043,46,15.76629975,6.66677005103238e-11
8,645.7748325074419,300012.9379161589,70.13478111915776,70.13582027494554,46,15.755955292,6.787889408788967e-11
8,669.8138622590077,314208.6576233939,65.9008882391445,65.90159874815606,45,15.146656167,9.32336630677912e-11
8,694.7477471865686,329145.3811944624,62.4060430054086,62.40656163560039,45,14.629266667,1.0153494601369179e-10
8,720.6097983594266,344720.2801231742,59.38574312413433,59.38611161097708,45,15.165514416,1.1819678817277603e-10
8,747.4345668546164,360758.4038106196,56.70464811410768,56.704894526466404,43,14.65428,4.728056136118522e-10
8,775.2578899163126,376994.92633197265,54.27936037348464,54.279505064752385,44,14.712944583,2.590051287332485e-10
8,804.116938833521,393075.83702646923,52.05297263720743,52.053026873466855,45,15.130829791,1.6569072826695673e-10
8,834.0502686000294,408598.9910202514,49.98637061174432,49.98634295313562,47,15.969134875,1.276392228704688e-10
8,865.097869422947,423215.1232605382,48.04914069989106,48.04903718711991,48,16.683929041,1.396158496187457e-10
8,897.301220148658,436781.7131854164,46.21792616708057,46.21775145886871,48,16.081361875,1.4253154170903653e-10
8,930.7033436775605,449511.5265565908,44.47437887284235,44.47413615714815,49,17.203784416,1.3788319391005906e-10
8,965.3488644416246,462021.8121921056,42.80449191643698,42.804183291217996,49,17.200564667,1.0843262886063276e-10
8,1001.2840680215583,475226.8365664169,41.197315702817974,41.1969437870321,49,17.090825417,1.1453255966854366e-10
8,1038.5569629832269,490117.84404861584,39.64489600753924,39.64446106529953,49,16.72035125,1.4269718175205775e-10
8,1077.217345015942,507544.1595635241,38.14410000674654,38.14360546575061,47,16.235717042,5.57661247196733e-10
8,1117.3168634582971,528076.6471567374,36.69458168464525,36.69402703758359,49,17.323663583,1.7422660300632613e-10
8,1158.909090300446,551942.3835352381,35.30479019553076,35.30418265335078,51,17.943641334,1.3785266250252917e-10
8,1202.0495917549858,578951.4346064196,33.99165029005299,33.99099344990937,52,18.561972375,2.2466363564617632e-10
8,1246.796002492079,608336.4942335624,32.782726906619956,32.782040963336755,53,18.691421583,1.718661974592552e-10
8,1293.208102637984,638533.6175295473,31.72308990739644,31.722401279862883,54,18.933817125,1.571643226728501e-10
8,1341.3478976398621,667223.9911634846,30.864447625630767,30.863791498562964,54,19.125221375,1.9807515365797644e-10
8,1391.2797011035627,692246.8175772536,30.248963056383616,30.248353578827782,53,18.541065417,3.7553007315151755e-10
8,1443.0702207150446,713309.607536446,29.872962624701984,29.872331645468904,54,18.813591708,2.9663516037172263e-10
8,1496.788647360245,732642.0342112883,29.666178416378372,29.66527680530557,57,19.640723375,1.5404723465076563e-10
8,1552.5067475624298,753288.0034499905,29.49980920035396,29.498279971948218,56,19.760763916,2.8908974081883277e-10
8,1610.2989593605412,777000.6600718218,29.258731982801258,29.25636276883421,58,19.986733208,1.8194263397903136e-10
8,1670.242491756622,803795.927616866,28.89413195285347,28.891214741113128,58,20.065769959,1.4797145554800656e-10
8,1732.4174278651828,832684.3993056295,28.42344298714431,28.420412446099416,58,20.281290125,2.003040079863999e-10
8,1796.9068319023127,862386.900257742,27.86738326503709,27.865103668240423,55,19.049236916,3.09177716268781e-10
8,1863.7968601574687,891487.5090228372,27.275942684613533,27.2750684837115,61,21.49289475,1.4483239323851072e-10
8,1933.1768760962038,918202.9963872661,26.694667808209758,26.695776777071046,62,21.604924917,2.0824223784323364e-10
8,2005.1395697476034,940535.6944931644,26.209978297908386,26.21317942181397,62,21.263428375,3.9337680944404565e-10
8,2079.7810815359235,957230.9792823393,25.945720385980923,25.949945540687935,65,22.437627583,1.9120785800734495e-10
8,2157.2011307218904,968991.7979868674,26.100727453811643,26.10472883406636,62,21.257657541,5.270848652347617e-10
8,2237.5031486252237,979131.2914529529,26.996954180490118,26.997649650874664,66,23.080427125,1.7680358483768064e-10
8,2320.794416806388,992103.7919444205,29.011615821977756,29.00902575609037,68,23.790101125,1.9902208966849505e-10
8,2407.186210392174,1008729.228818084,31.151528439516994,31.15348470735316,68,23.165789292,1.793060280129449e-10
8,2496.7939467365745,1022605.745998321,32.175002229226116,32.184236807502295,70,24.753996333,1.3856104897513344e-10
8,2589.737339615606,1025064.9918617294,32.40207615219548,32.41503205961322,73,25.198320375,2.3956992262817427e-10
8,2686.140559162015,1016502.6910086471,32.31400851454123,32.32392797356907,75,25.936744208,2.403317685164654e-10
8,2786.1323977535862,1009194.6960270995,32.07084835836652,32.072658995072054,77,26.485415709,1.3920183028474132e-10
8,2889.8464420766563,1011494.7517982847,31.693648864046196,31.687500972445203,77,26.060421708,1.1748640978883916e-09
8,2997.421251594704,1014637.5878658235,31.471618870719585,31.46573784513761,78,26.884278416,1.7925679838679972e-10
8,3109.000543660457,1007349.8402567843,31.556123718420825,31.55985054884749,77,26.597403666,2.0750949222348195e-10
8,3224.73338551881,991528.9438781636,31.697792470005094,31.711192856571053,82,28.442539292,1.3150012534741663e-10
8,3344.7743934570694,979952.7813900289,31.65076431835889,31.666478249233244,88,29.91707375,3.170388085820493e-10
8,3469.28393936859,978563.543281764,31.334069897519967,31.34507283031656,81,27.438015833,8.817376840406656e-10
8,3598.42836500576,972978.4069788456,31.08465240129085,31.09360765057725,91,31.806829958,1.2360117949155896e-10
8,3732.38020420856,957108.3987933835,31.30962201157428,31.330218422906952,94,32.652819,4.371453308747341e-10
8,3871.318413405634,945300.0575690361,31.54574477446361,31.57930505588626,86,29.424271167,9.040997230167762e-09
8,4015.4286106957557,940794.7902912284,31.76813510863498,31.798617844740274,96,32.775185375,1.9388571008910825e-10
8,4164.903323829131,935035.0618758574,33.01352077000803,33.031253287815815,91,31.023284458,4.37788300480592e-09
8,4319.9422474198445,925531.7313471508,34.95490514816323,34.983695649320296,120,40.117946375,2.830694849925464e-11
8,4480.752509733024,916910.671563462,35.53283787824646,35.555226483252966,126,42.077430917,3.855372381044938e-11
8,4647.548949403246,911059.2177679897,35.213589274510106,35.194809214100324,141,45.527696291,8.628327996995894e-12
8,4820.554402453749,907526.7543122782,34.48738454113588,34.46208464329204,155,49.849825166,7.763113041457906e-12
8,5000.0,898872.218602238,33.69624305911648,33.723590015650224,155,48.768438042,6.888172340698548e-12
